Name,Iain M. Banks' Galactic Civilization Starter Pack
Description,"Elon Musk wants to make humanity a galactic civilization, and the extraordinary thing is how science fiction first expressed the concepts he uses today to describe that aspiration. When he invokes Iain M. Banks' Outside Context Problem on a live broadcast, he's borrowing vocabulary from a novelist who spent his career imagining what a civilization among the stars would really look like. The videos and books in this curriculum about The Culture series will help you see that bigger picture for yourself."
Publisher,Iain M. Banks
Grade Level,Adult
Link,https://en.wikipedia.org/wiki/Culture_series

Title,Description,Action,URL
Musk on the Outside Context Problem,"Watch a short clip of Elon Musk explicitly invoking Banks' Outside Context Problem concept during an X broadcast, then discuss what he might mean by it and how it connects to the Culture novels ahead in this curriculum.",Watch,https://x.com/chiefclanker/status/2046374841645756670?s=20
What is Iain M. Banks' The Culture?,"This video explains the Culture from Iain M. Banks' sci-fi novels as a post-scarcity society run by AI Minds, where enhanced citizens live on orbitals and ships, and the Contact division quietly shapes less advanced civilizations.",Watch,https://www.youtube.com/watch?v=BtAzQBKPdnA
How to Read The Culture Series: A Comprehensive Guide,"This video walks through the 10 loosely connected Culture novels and explains how to approach them. The series isn't chronological and each book stands alone, so there's no single 'correct' reading order, and the video maps out the common entry points.",Watch,https://www.youtube.com/watch?v=GP5QYhReduc
"The Player of Games, Part One: Culture Plate","Gurgeh, one of the Culture's greatest game players, lives comfortably on Chiark Orbital. Restless and searching for a real challenge, he falls in with a drone of questionable reputation and finds himself pulled toward a mission that will take him far from home.",Read,https://a.co/d/0dtpDoWl
"The Player of Games, Part Two: Imperium","Gurgeh travels to the distant Empire of Azad, a civilization built entirely around a single immense game of the same name. He gets his first real look at Azadian society and takes his place at the lowest rounds of a tournament unlike anything in the Culture.",Read,https://a.co/d/0dtpDoWl
"The Player of Games, Part Three: Machina Ex Machina","The tournament deepens, and Gurgeh is drawn further into the rhythms of Azadian life and the brutal social hierarchy the game is designed to produce. Each round raises the stakes and reveals more of what the Empire rewards and what it punishes.",Read,https://a.co/d/0dtpDoWl
"The Player of Games, Part Four: The Passed Pawn","The tournament reaches its final rounds as the remaining players close in on the highest ranks of the Empire. What began as quiet observation has become something else entirely, and the stakes have moved well beyond the game itself.",Read,https://a.co/d/0dtpDoWl
"Excession, Prologue","Two and a half millennia ago, a perfect black-body sphere appeared out of nothing beside a dying sun, did nothing observable, and vanished. The prologue establishes the object, now back, that the novel will spend its pages trying to understand.",Read,https://a.co/d/0cuAndnM
"Excession, Chapter 1: Outside Context Problem","The title concept is introduced, and several threads begin at once: a drone near a distant star encounters something beyond its comprehension, Culture Minds pass alerts across the galaxy, and Byr Genar-Hofoen is pulled from a feast with the Affront.",Read,https://a.co/d/0cuAndnM
"Excession, Chapter 2: Not Invented Here","The drone Sisela Ytheleus drifts near the star Esperi, trying to reconstruct from damaged memory what happened to its ship. The Culture's Minds begin comparing notes and arguing about what the anomaly is and who gets to speak for the Culture.",Read,https://a.co/d/0cuAndnM
"Excession, Chapter 3: Uninvited Guests",Sisela Ytheleus remembers more of the attack and looks for a way to move faster through space. Meanwhile Genar-Hofoen is transferred to the Affront battlecruiser Kiss The Blade for handoff to the General Contact Unit Grey Area.,Read,https://a.co/d/0cuAndnM
"Excession, Chapter 4: Dependency Principle","Two Culture ships trade messages about the growing disturbance. On the asteroid Pittance, caretaker Gestra Ishmethit has spent 150 quiet years alone with a store of mothballed Culture warships and is told he will soon have visitors.",Read,https://a.co/d/0cuAndnM
"Excession, Chapter 5: Kiss the Blade",The Explorer ship Break Even sweeps a cold comet cloud looking for its missing sister ship. The mission has begun to feel more like a vigil than a real search. Meanwhile Genar-Hofoen spends time aboard the Affront battlecruiser whose name gives the chapter its title.,Read,https://a.co/d/0cuAndnM
"Excession, Chapter 6: Pittance","Ulver Seich, a young woman from a Culture founder family, wakes to find she has been aged and plained for a Special Circumstances mission she doesn't yet understand. Events on the asteroid Pittance move around Gestra while warships exchange pointed words.",Read,https://a.co/d/0cuAndnM
"Excession, Chapter 7: Tier","Action moves to Tier, a vast neutral habitat that hosts dozens of species on separate tiers suited to each one's biology. Diplomatic cover meets actual intrigue, and ships from multiple civilizations converge on Tier as the situation around the Excession escalates.",Read,https://a.co/d/0cuAndnM
"Excession, Chapter 8: Killing Time","Named for the Torturer-class offensive unit that has become central to events, this chapter follows Killing Time's movements and its terse exchanges with other ships as Minds across the Culture try to coordinate a response that no one has fully authorized.",Read,https://a.co/d/0cuAndnM
"Excession, Chapter 9: Unacceptable Behavior","The chapter swings between strategic observations at the Excession and quieter moments aboard the Sleeper Service. Genar-Hofoen's reflections on his past with Dajeil take a sharper edge, and Amorphia, the ship's avatar, reveals little.",Read,https://a.co/d/0cuAndnM
"Excession, Chapter 10: Heavy Messing",The ship Heavy Messing enters the story as the situation with the Affront turns overtly military. Several of the Culture's response lines converge and the consequences of earlier decisions begin to arrive in rapid succession.,Read,https://a.co/d/0cuAndnM
"Excession, Chapter 11: Regarding Gravious","Dajeil, Ulver, and Genar-Hofoen finally come together aboard the Sleeper Service, and their awkward, tender reunion plays out against the Excession beginning to expand and an Affront war fleet closing in. The blackbird Gravious gives the chapter its title.",Read,https://a.co/d/0cuAndnM
"Excession, Chapter 12: Faring Well","The final chapter before the epilogue. Story threads that have been in motion since the Prologue are pulled together, and the book reaches its emotional climax for the human characters as much as for the Minds.",Read,https://a.co/d/0cuAndnM
"Excession, Epilogue","A short closing section. The book steps back from the events of the main story and leaves you with an image and a question to sit with, in the way Banks tends to end his Culture novels. Take your time with it.",Read,https://a.co/d/0cuAndnM
The Interesting Times Gang vs. Outside Context Problems || The Culture Lore,"This video explains Iain M. Banks' concept of an Outside Context Problem, a disruption so far beyond a civilization's frame of reference it can't be anticipated or prepared for, and introduces the Interesting Times Gang, the elite group of Minds the Culture assembles to handle such threats in the novel ""Excession.""",Watch,https://www.youtube.com/watch?v=i5i92gpmFoM
